window_index,time,entropy_h0,entropy_h1,entropy_h2,p_inf_h0,p_inf_h1,p_inf_h2,mean_betti0,mean_betti1,mean_betti2,eta_harm,eta_grad,eta_curl,harm_curl_ratio,beta1_hodge,lambda1,spectral_gap
238,144300.0,7.5643647594020464,3.35244372883716,2.211820498895318,0.05065570026636124,0.09705384820699692,0.004500351846218109,12.4,0.0,0.0,5.948847186418481e-19,0.015237432065896426,0.9847625679341059,6.040894912255133e-19,0.0,45.75550577319745,1.0214226710949563
239,144900.0,7.5688873923803905,3.6621641104554556,1.733339676433782,0.04324349761009216,0.09182308614253998,0.004500351846218109,11.45,0.0,0.0,9.575605207641168e-19,0.030738213716697733,0.9692617862833052,9.879276520690601e-19,0.0,28.50650100595447,1.1063765205050455
240,145500.0,7.5582907167919196,3.3695820905241836,1.6903742390296967,0.04324349761009216,0.07560959458351135,0.004500351846218109,11.0,0.0,0.0,3.3595889582807873e-18,0.08465540127380089,0.9153445987261967,3.670299647752723e-18,0.0,21.381984838096365,1.4715683945010918
241,146100.0,7.517737967259452,2.5692885236911622,1.3427592185833366,0.05556977540254593,0.14625327289104462,0.0022142231464385986,12.85,0.1,0.0,5.138445917415504e-16,0.25534388421812576,0.7446561157818393,6.900428007649649e-16,0.0,1.4828047493992558,4.355595902393784
242,146700.0,7.509494862109713,2.0453268947418457,0.0,0.06641536206007004,0.18483486026525497,0.0027973055839538574,15.85,0.15,0.0,2.6648778558931093e-15,0.5456916963767761,0.4543083036194278,5.8657916543819124e-15,0.0,0.45028605549430994,1.6037131995125948
243,147300.0,7.559799392443119,2.4773279934203303,1.0538397155195403,0.06633249670267105,0.28649822622537613,0.00590062141418457,17.8,0.15,0.0,0.13135279181788687,0.868647207990731,1.1425819417610496e-31,1000.0,3.0,0.5992998605230485,1.5529018879342353
244,147900.0,7.5517760034323995,2.233976329891061,1.4199079712593838,0.06633249670267105,0.32238662987947464,0.00833982229232788,17.25,0.15,0.0,0.12766139450183164,0.8723386055817505,5.93865877912837e-32,1000.0,3.0,0.8091287900822354,2.155562593602095
245,148500.0,7.5457416106719934,2.6185744395371353,1.5523315245234894,0.061603572219610214,0.1161426454782486,0.0014522522687911987,15.85,0.15,0.0,2.5149978951671623e-16,0.27164419169601883,0.7283558083022973,3.452979802585556e-16,0.0,1.9581938075242484,2.132053137464428
246,149100.0,7.551567185113161,3.498868571362883,0.701967431415923,0.05105878785252571,0.08669938147068024,0.0014522522687911987,14.15,0.05,0.0,4.235864318604216e-18,0.10138521606402186,0.8986147839359796,4.7137710110289925e-18,0.0,16.1485151839807,1.2810766792823944
247,149700.0,7.54664059023685,3.148962503289467,1.8822599705384382,0.04433959722518921,0.10750459879636765,0.011426389217376709,13.25,0.0,0.0,1.636933037577145e-18,0.04211670014098095,0.9578832998590194,1.7089065419726586e-18,0.0,41.31243835210225,1.0790613922999115
248,150300.0,7.546000579980584,3.361422400006938,2.597368369941362,0.041121769696474075,0.10951553657650948,0.005931258201599121,12.4,0.0,0.0,2.653460144458111e-19,0.03454276157517576,0.9654572384248256,2.748397379861762e-19,0.0,97.66256786203354,1.0358432085518317
249,150900.0,7.544692988344609,3.57367643347868,0.9949499366336818,0.04502221569418907,0.11546173319220543,0.0029309839010238647,12.3,0.0,0.0,5.666028079370206e-20,0.02277507008941637,0.9772249299105861,5.798079752102556e-20,0.0,126.9310907741397,1.032329150275144
250,151500.0,7.543374141819344,3.663808654552657,1.1338725555516989,0.04502221569418907,0.10795421898365021,0.003460407257080078,12.2,0.0,0.0,7.972362869869116e-20,0.03286844359836981,0.9671315564016301,8.243307559442423e-20,0.0,98.98915846956423,1.0375947733322364
251,152100.0,7.534365305695417,3.4258951719367263,2.234633225360574,0.04502221569418907,0.10278225690126419,0.009575560688972473,12.25,0.0,0.0,6.451529298236366e-19,0.030021685743372523,0.9699783142566254,6.651209829545577e-19,0.0,57.926179463402526,1.0338369066191642
252,152700.0,7.524268395689821,3.1741367769244135,1.5536230498536663,0.047010637819767,0.12988337874412537,0.003476560115814209,12.45,0.1,0.0,7.888448710796727e-19,0.02348006216947865,0.9765199378305223,8.078123554050476e-19,0.0,47.64694764983968,1.0465950134329236
253,153300.0,7.514045333664604,3.4771763938227913,0.0,0.047010637819767,0.09166619926691055,0.0004552602767944336,12.35,0.0,0.0,7.391242475867156e-19,0.08234613948604914,0.9176538605139493,8.054499407564741e-19,0.0,51.192812636042014,1.0586595948275705
254,153900.0,7.529604047383606,3.5313992166688335,1.90986677883395,0.047010637819767,0.11217553913593292,0.00493544340133667,11.5,0.0,0.0,1.9420777004979288e-19,0.014202568738245531,0.9857974312617604,1.9700575786753856e-19,0.0,83.28510869415668,1.004265559567572
255,154500.0,7.549233441809124,3.6394170875170184,3.1332356096295744,0.04456456005573273,0.08201760053634644,0.0074071139097213745,10.6,0.0,0.0,8.194109642061629e-20,0.02072722587016893,0.9792727741298355,8.367545650734958e-20,0.0,112.92270037587485,1.0087777341123327
256,155100.0,7.531063656480517,4.06955487247841,1.9293151437257274,0.05645352229475975,0.10388877987861633,0.01564165949821472,12.1,0.0,0.0,2.3626106660788973e-19,0.019625949532717075,0.9803740504672827,2.4099073868289143e-19,0.0,79.5169628303663,1.0110321681437613
257,155700.0,7.526488105667103,4.223856263446223,2.3508634112702627,0.05663038045167923,0.09425817430019379,0.008451476693153381,14.7,0.0,0.0,5.653429751027148e-19,0.030470451920909754,0.9695295480790855,5.831106191886955e-19,0.0,48.21465850155907,1.0255442888480923
258,156300.0,7.527520857024847,4.28033966164883,2.6202093443032495,0.05663038045167923,0.09199277311563492,0.008451476693153381,15.55,0.0,0.0,4.1307706861427764e-19,0.019321556427584926,0.9806784435724172,4.212156097865255e-19,0.0,64.69829439210018,1.0423688012043573
259,156900.0,7.512023528530217,4.0649255006623415,3.0617658697682804,0.05663038045167923,0.09377991408109665,0.0064662545919418335,14.7,0.0,0.0,4.567574226711193e-19,0.1113329036042227,0.8886670963957767,5.1398034710985165e-19,0.0,38.268816477916914,1.109793253836693
260,157500.0,7.527281979236633,3.6761496859586105,2.43352993575327,0.05655970424413681,0.0813818871974945,0.004745453596115112,13.3,0.0,0.0,1.2580342263779987e-18,0.04642074819890676,0.9535792518010942,1.3192760056393206e-18,0.0,40.16300455826134,1.0230351285947095
261,158100.0,7.552825928920067,3.1619440166800747,0.0,0.041364237666130066,0.13112716376781464,0.034148022532463074,12.55,0.05,0.0,8.102681227517359e-18,0.17120341672014375,0.8287965832798567,9.7764413982527e-18,0.0,14.418930828610543,1.2497674149606033
262,158700.0,7.55211588722975,2.66315905144896,1.419369544271372,0.04283690080046654,0.2121310457587242,0.002137914299964905,12.75,0.05,0.0,2.785312542971471e-16,0.23595930870918905,0.7640406912905447,3.645502883181707e-16,0.0,1.1192139404632135,5.914498395816028
263,159300.0,7.540177893438251,2.798158859892618,0.8452858739274698,0.04636809229850769,0.176716186106205,0.000857234001159668,12.75,0.05,0.0,1.869492598735907e-16,0.23741565479095472,0.7625843452081439,2.4515223928747006e-16,0.0,2.5388881955074245,2.969792903849656
264,159900.0,7.529644821951407,2.6994698011574,1.6571618029731787,0.05591064319014549,0.17704760283231735,0.010184675455093384,14.4,0.2,0.0,0.0024447622863575757,0.1576029405369117,0.8399522971801843,0.002910596583355997,1.0,1.9960246393041883,1.4885817255084053
265,160500.0,7.540127098867589,3.172756479372419,3.277039430783373,0.06193545088171959,0.1940586268901825,0.01741325855255127,16.65,0.45,0.0,0.0006124236700189952,0.13151478607174472,0.8678727902786156,0.0007056606416035713,1.0,0.6107323737588887,3.2707903958671523
266,161100.0,7.564538143922674,3.3213911636808446,3.2077697463365107,0.06193545088171959,0.19044017791748047,0.026865899562835693,17.45,0.5,0.1,1.3558773472801788e-16,0.13300009544120775,0.8669999045594665,1.5638725450235813e-16,0.0,3.354790876656473,1.025627345160335
267,161700.0,7.554817105453154,3.96293359105427,2.9064836841244355,0.06193545088171959,0.11284986138343811,0.016187012195587158,16.75,0.3,0.05,3.247549890566804e-17,0.1433292478730535,0.8566707521269165,3.7908961902809145e-17,0.0,7.395414851264663,1.2131205656258917
268,162300.0,7.553757593839761,3.9454593300198018,3.2274788840577457,0.060456596314907074,0.10974011570215225,0.016187012195587158,15.6,0.1,0.0,6.03551657156576e-18,0.04202390201561247,0.957976097984389,6.300278873615293e-18,0.0,16.752156526042178,1.0652090592384016
269,162900.0,7.5611662613240656,3.6623928201601266,2.8864873044341186,0.05439669266343117,0.1356678158044815,0.013822302222251892,14.95,0.0,0.0,1.4555695362508883e-18,0.030684128328327776,0.969315871671673,1.5016462422503463e-18,0.0,44.70614058507102,1.018556188817801
270,163500.0,7.567722412842808,4.085916369430966,3.1022358475644745,0.04460941627621651,0.08827013522386551,0.003000691533088684,14.0,0.0,0.0,9.577367666503397e-19,0.017755587329248836,0.9822444126707459,9.750493403625026e-19,0.0,39.3105118043781,1.0615869679141032
271,164100.0,7.556707755070924,3.4070478431651914,2.0567676718041867,0.04472136124968529,0.13300850242376328,0.003000691533088684,12.5,0.0,0.0,3.6079446699495223e-19,0.019725149759247974,0.9802748502407548,3.680543950566245e-19,0.0,54.38978660005742,1.0227491905379298
272,164700.0,7.5505860140110705,3.080863745943201,2.8897053992073682,0.05441506952047348,0.16524594277143478,0.014475882053375244,12.5,0.05,0.0,3.602262929074217e-18,0.06979339837649311,0.9302066016235082,3.872540705240366e-18,0.0,24.12070600917598,1.0726165831848613
273,165300.0,7.518411952312344,3.1184296012056967,3.3540798627528257,0.06589385122060776,0.13970686495304108,0.010982513427734375,13.4,0.4,0.0,6.557432517982503e-17,0.49382556283941886,0.5061744371590426,1.295488676744292e-16,0.0,5.1623049952641695,1.7593978693514123
274,165900.0,7.5080445221516285,3.358906026462211,1.984436277648145,0.06589385122060776,0.18830201774835587,0.010106146335601807,14.6,0.3,0.0,4.2504416348136785e-16,0.4589514685284134,0.5410485314478146,7.855934149625888e-16,0.0,1.1857038546837164,3.686012740210482
275,166500.0,7.528164230530237,3.5002053102585884,2.366386860776197,0.06547518819570541,0.1924412027001381,0.01035425066947937,16.15,0.25,0.0,5.456790341509652e-17,0.14241554132407844,0.8575844586754601,6.362977181199514e-17,0.0,3.7331297517012927,2.1335642322782626
276,167100.0,7.547229429530722,4.146641130016945,2.9197210675197978,0.06547518819570541,0.13932712376117706,0.02811610698699951,17.25,0.1,0.0,9.26582734132515e-18,0.0448817946157732,0.9551182053856604,9.701236233450358e-18,0.0,12.48414251654236,1.4068654601240105
277,167700.0,7.560949928791737,4.149758770126737,3.7151873700982563,0.06443601101636887,0.15464921295642853,0.02690860629081726,17.95,0.1,0.0,3.40912822863915e-18,0.05365979611977836,0.9463402038804846,3.60243410842777e-18,0.0,21.266284820662545,1.069138665787248
278,168300.0,7.544424672672701,4.079886860192886,3.6390287328312874,0.06443601101636887,0.11673241853713989,0.00939960777759552,16.75,0.0,0.0,2.6062860308150313e-18,0.045901262211732935,0.954098737788153,2.7316732824260337e-18,0.0,19.85144306694759,1.289287767516242
279,168900.0,7.529426870958041,3.688576721948625,2.7777298729204443,0.06237788125872612,0.1572321280837059,0.005807667970657349,14.35,0.0,0.0,1.4000142429600364e-18,0.037845574136183724,0.9621544258638147,1.4550826824931554e-18,0.0,36.502123101151135,1.0000000000000058
280,169500.0,7.5561047638339724,3.4218292873777814,2.400735606172965,0.05229722708463669,0.11104055494070053,0.02424544095993042,12.7,0.0,0.0,1.2022239117042272e-18,0.021033964489876045,0.9789660355101247,1.2280547721724975e-18,0.0,46.619658674347136,1.0364848107721738
281,170100.0,7.557303674941697,3.167390643947722,0.819535948676312,0.04497777298092842,0.12851862609386444,0.00177001953125,13.0,0.2,0.0,6.182371190993614e-18,0.20901925739038887,0.790980742609609,7.816083069973204e-18,0.0,12.916449876688407,1.1083466400289432
282,170700.0,7.56690731866963,2.8384567939588017,0.9261485805625812,0.04497777298092842,0.2103203758597374,0.007201582193374634,13.3,0.15,0.0,7.452912197903972e-17,0.42797303640741163,0.5720269635927459,1.3028952605802405e-16,0.0,2.522246193830604,3.0406528354035376
283,171300.0,7.555656462419572,3.1437871822562244,1.6702434685187408,0.04497777298092842,0.12056652456521988,0.004486292600631714,12.25,0.1,0.0,5.5878141832000104e-18,0.09728767700720391,0.9027123229928393,6.190027587823397e-18,0.0,15.030678797432461,1.334267190234177
284,171900.0,7.555714544060534,3.272437160336281,2.1748009841862,0.04332435876131058,0.12517399340867996,0.00453852117061615,11.3,0.05,0.0,2.2131945882416657e-18,0.14113052445203514,0.8588694755479632,2.5768695375127392e-18,0.0,27.86146715911741,1.1326836419048245
285,172500.0,7.535942433576246,3.6096977389045337,1.908281498348823,0.05928743630647659,0.12226278334856033,0.022258803248405457,11.8,0.0,0.0,1.6013318579440462e-19,0.019173133651777887,0.9808268663482218,1.6326345789287286e-19,0.0,83.84057384565844,1.0391273363303366
286,173100.0,7.519197547030427,3.844531123202267,2.983117851987572,0.05955669656395912,0.12089948356151581,0.010638341307640076,13.9,0.0,0.0,2.3896676155215883e-19,0.045021884402491275,0.9549781155975076,2.502327096808838e-19,0.0,77.03647291339969,1.0536857832786186
287,173700.0,7.549154497895281,4.199092681144706,1.8861298969610671,0.05955669656395912,0.12213222309947014,0.0103788822889328,16.6,0.0,0.0,2.8729312212418503e-19,0.017856528255292353,0.9821434717447068,2.925164503853363e-19,0.0,60.95909084356174,1.0590177834338488
288,174300.0,7.563669695579177,4.425130163525548,2.6946042193527404,0.05996665731072426,0.10567203164100647,0.0103788822889328,17.7,0.0,0.0,4.240096291710835e-19,0.01221272715059749,0.9877872728494028,4.2925196631410576e-19,0.0,76.58036844277157,1.0353126716954169
289,174900.0,7.555760528783499,4.286078464708345,2.9874252290583936,0.05915234610438347,0.11250575259327888,0.008230343461036682,16.7,0.0,0.0,1.552560997446775e-19,0.02188099458947499,0.9781190054105263,1.587292536856047e-19,0.0,99.26462816049447,1.000906388338325
290,175500.0,7.544552669505092,4.40528917818534,2.908520818127954,0.053916603326797485,0.0793810598552227,0.007180266082286835,15.7,0.0,0.0,4.887812028286224e-19,0.010381731083725348,0.9896182689162673,4.93908831496607e-19,0.0,72.11138443282172,1.0627797358580549
291,176100.0,7.537045469117509,4.09795949025082,2.586642215616387,0.06049793213605881,0.10676882416009903,0.005083829164505005,14.65,0.0,0.0,1.005701513823447e-18,0.06396888079156055,0.9360311192084362,1.0744317076475554e-18,0.0,50.54604013450864,1.1084555569570178
292,176700.0,7.51618394631328,3.988404094257609,2.7729954097973426,0.060827624052762985,0.08850663155317307,0.009269610047340393,14.5,0.0,0.0,1.9508715021879887e-18,0.05003158709481835,0.949968412905183,2.05361723156647e-18,0.0,30.369238954471154,1.1601636283103853
293,177300.0,7.4984618465820745,3.7713754532507187,2.5055889543911762,0.060827624052762985,0.06840477138757706,0.021419718861579895,14.6,0.0,0.0,2.628922530308997e-18,0.01847261298867893,0.9815273870113643,2.6783995689728836e-18,0.0,25.709055500753887,1.1547333341650818
294,177900.0,7.483073019756783,2.7022802550802045,0.49796890429071017,0.060827624052762985,0.13055811077356339,0.01192481815814972,13.55,0.05,0.0,3.761035847951863e-18,0.08141843556473782,0.9185815644352643,4.094395090826822e-18,0.0,21.123174922877375,1.1838802031531324
295,178500.0,7.5018018774726745,2.5745755331184816,1.0800412211542267,0.05011985823512077,0.1312105432152748,0.007847726345062256,13.25,0.05,0.0,2.4771564986508663e-18,0.10738994216973001,0.8926100578302724,2.7751832694664935e-18,0.0,33.6543182365149,1.0834519705630077
296,179100.0,7.497872118719527,3.529654331436673,1.4734002544771556,0.0470956489443779,0.12312742322683334,0.035268232226371765,13.2,0.0,0.0,6.74430422219808e-19,0.013159996002945354,0.9868400039970568,6.834242830524086e-19,0.0,41.875865060460036,1.0695419636254653
297,179700.0,7.53301356669825,3.720751854023206,0.6474404072884702,0.0470956489443779,0.13912692666053772,0.006728723645210266,13.35,0.0,0.0,2.951547347701377e-19,0.016283346116749395,0.9837166538832504,3.000403963933168e-19,0.0,70.40896071600982,1.1060526459797386
298,180300.0,7.542028255760652,4.141243674018161,1.5029180103666884,0.060207974165678024,0.09184383600950241,0.005774401128292084,14.05,0.0,0.0,1.0107552642500728e-19,0.012840222308532276,0.9871597776914736,1.0239023986702079e-19,0.0,103.29707202479095,1.045232455840107
299,180900.0,7.549569932155726,4.363398410949097,2.8165661223305416,0.061131007969379425,0.10394324362277985,0.005774401128292084,15.25,0.0,0.0,1.9279778776877871e-19,0.014715960764340527,0.9852840392356579,1.9567736824210357e-19,0.0,112.50492170896665,1.0390289284657575
300,181500.0,7.547882770583277,4.6138999707574175,2.481955092981095,0.061131007969379425,0.08676928281784058,0.007759615778923035,16.65,0.0,0.0,5.936146970429506e-20,0.014069604877501314,0.9859303951225051,6.020858064413258e-20,0.0,87.26044829509826,1.0333826990701314
301,182100.0,7.534004665219264,4.310464269220979,2.81346390012047,0.061131007969379425,0.1065736934542656,0.010208755731582642,15.95,0.0,0.0,4.0911743706886995e-19,0.014763625989130098,0.9852363740108662,4.1524800328163944e-19,0.0,48.21741684473842,1.0541421979100747
302,182700.0,7.538776876910231,3.6930523534015287,3.1778114663707338,0.061131007969379425,0.11732631921768188,0.00714738667011261,14.05,0.0,0.0,1.2089718712438541e-18,0.026998897462989824,0.9730011025370074,1.2425185008427359e-18,0.0,38.36358910634473,1.0484151646672633
303,183300.0,7.554983403283945,2.5525300314436024,2.895909785923686,0.04334743320941925,0.1474258005619049,0.004633218050003052,11.6,0.05,0.0,8.334717912642538e-18,0.1830225907002251,0.8169774092997792,1.0201895202678756e-17,0.0,16.743029494401267,1.2608613570764144
304,183900.0,7.532434484202672,1.9812410607122597,1.7441296072389905,0.039949968457221985,0.21945729106664658,0.003054320812225342,11.5,0.05,0.0,1.4645105317183604e-17,0.16189336840136237,0.8381066315988323,1.74740358386475e-17,0.0,6.792548794224834,3.134953494940995
305,184500.0,7.4503153789165495,2.104327636268224,0.5439014253283911,0.0774209275841713,0.152282252907753,0.007107943296432495,13.45,0.15,0.0,2.8021912136411416e-16,0.05773204665050413,0.9422679533498564,2.973879355310874e-16,0.0,2.4151754385626765,1.16877330578882
306,185100.0,6.743485094712489,2.683040736778326,0.0,0.5281770825386047,0.13007408380508423,0.0007764995098114014,34.25,0.1,0.0,2.368009730159562e-07,0.5435186559857746,0.4564779879258065,5.187566088157702e-07,0.0,0.06313704359687418,1.0793718479595908
307,185700.0,7.080265108753143,2.457073416736913,0.0,0.5672962069511414,0.5753824710845947,0.0007764995098114014,66.3,0.25,0.0,0.0005613158087777503,0.6808216567095597,0.31861708322807464,0.0017617254011900666,1.0,0.06313705472665403,1.079371628025003
308,186300.0,7.412851504657233,2.1549222533583277,0.40764690049351665,0.6295625567436218,2.2134231328964233,0.007289409637451172,102.7,1.0,0.0,1.4462047295911465e-17,0.9999999994123373,5.459707925049595e-32,1.4462047295911465e-05,0.0,0.06313704359687426,1.0793718479595917
309,186900.0,7.54621502106311,2.839366601835399,1.269895786876286,0.6295625567436218,2.7782408595085144,0.11341977119445801,129.3,2.6,0.05,0.0,0.0,0.0,0.0,0.0,0.0,0.0
310,187500.0,7.580980333449368,3.9067881536239843,0.9741642607371211,0.6295625567436218,2.646804630756378,0.011976242065429688,140.4,2.05,0.0,0.0,0.0,0.0,0.0,0.0,0.0,0.0
311,188100.0,7.580297472031369,4.204629414584798,0.5820869008055615,0.5953251123428345,3.2713956236839294,0.03885293006896973,135.0,2.1,0.0,0.0,0.0,0.0,0.0,0.0,0.0,0.0
312,188700.0,7.559848315579353,4.303189782250717,0.0,0.5791364312171936,2.890744209289551,0.01822972297668457,122.35,1.9,0.0,0.0,0.0,0.0,0.0,0.0,0.0,0.0
313,189300.0,7.530311460222313,4.358096756376247,0.0,0.5791364312171936,2.412952423095703,0.02960681915283203,110.25,1.95,0.05,1.3786267915417307e-17,0.9999999984617045,0.0,1.3786267915417307e-05,0.0,0.03443752389854966,1.470254975830242
314,189900.0,7.472438039174062,4.383763290841561,0.0,0.5615300536155701,1.1175076961517334,0.0018175840377807617,97.35,1.55,0.0,4.366093070203717e-16,0.9999999964286688,1.6086991390033634e-31,0.0004366093070203717,0.0,0.016647159983000502,2.308468185130789
315,190500.0,7.3299988136527245,3.5650003095328207,0.0,0.5425200462341309,0.765247106552124,0.0,70.75,0.7,0.0,0.26392565645878613,0.7359942416531324,3.2116303405810554e-31,1000.0,3.0,0.010280305287053718,3.1405721815559313
316,191100.0,7.253642222349539,3.5146790609910368,1.6494409209220646,0.4229988157749176,0.2969955950975418,0.006352066993713379,42.0,0.35,0.0,0.06461225654666074,0.9337736805454195,1.2473355253341788e-31,1000.0,5.0,0.010012978982771736,4.782547720591821
317,191700.0,7.370797272510376,3.1269529854826494,1.262805747993069,0.22204503417015076,0.2902815490961075,0.027087897062301636,25.45,0.25,0.05,0.06395850258543372,0.21491007220338254,0.7211314258559508,0.088691880969449,7.0,0.06477924343867111,1.7594704786606046
318,192300.0,7.515181998608233,2.3794439000097505,0.0,0.08798295259475708,0.17716367542743683,0.0010235309600830078,17.75,0.1,0.0,0.05585097132408129,0.4727726955345324,0.47137633305472426,0.11848488650676234,4.0,0.31403894592492404,4.313922967164815
319,192900.0,7.49102770247349,2.8070553801725784,1.8891623629802545,0.06518435478210449,0.12483006715774536,0.0032953619956970215,16.0,0.1,0.05,1.486216556217091e-16,0.046169511850760375,0.9538304881500431,1.558155851254088e-16,0.0,0.5262483681921968,4.511295327536249
320,193500.0,7.469305683497804,3.3936430307235406,1.9225367360716021,0.060687724500894547,0.11284850537776947,0.024618729948997498,15.05,0.1,0.0,2.723837340592549e-17,0.049119844441793355,0.9508801555587046,2.864543259911919e-17,0.0,7.950720940556394,1.0166476781275104
321,194100.0,7.4495952496074285,3.412995404940038,2.380593149984598,0.060687724500894547,0.0951116532087326,0.0032953619956970215,14.2,0.0,0.0,1.4712603761975898e-18,0.016760492812168848,0.9832395071878322,1.4963397681243017e-18,0.0,37.386731708895915,1.0366838042629272
322,194700.0,7.482684991822875,3.5822099077953466,1.545081169158864,0.060687724500894547,0.11698208749294281,0.004181846976280212,13.7,0.0,0.0,2.5147061440604304e-19,0.01996098811318033,0.9800390118868191,2.5659245331636637e-19,0.0,72.9204065077609,1.0263221451288589
323,195300.0,7.519511435477716,3.6188410938470676,1.5317883305274143,0.060687724500894547,0.10831582546234131,0.004277095198631287,13.7,0.0,0.0,2.5040552575604166e-19,0.019906452557742198,0.9800935474422624,2.5549145426910144e-19,0.0,64.88343286177538,1.028373050117085
324,195900.0,7.5547584974255635,3.8532507073794755,2.9788206497065723,0.05031898245215416,0.13156238943338394,0.015123188495635986,14.85,0.0,0.0,9.99132459265363e-19,0.018304653245750275,0.9816953467542486,1.0177622442316228e-18,0.0,49.569104175908066,1.0237009966374286
325,196500.0,7.572003405918345,4.022157101216411,2.8498610649736924,0.05141983926296234,0.1356508806347847,0.02175019681453705,16.4,0.0,0.0,1.0835632386542488e-18,0.022110702899459607,0.9778892971005415,1.1080632970070584e-18,0.0,38.02011229936393,1.107433921250235
326,197100.0,7.5726444070659795,4.209480007542829,1.5409900663516278,0.051643006503582,0.10639939457178116,0.008025437593460083,16.3,0.0,0.0,1.7789860859196535e-18,0.056198795046484895,0.9438012049535174,1.8849160994717997e-18,0.0,29.234438697890752,1.1274683936598886
327,197700.0,7.536979318105692,4.154030943287135,2.170126727932101,0.05047771707177162,0.09371516853570938,0.006181105971336365,15.1,0.0,0.0,5.477254523619025e-19,0.020614643021567427,0.9793853569784353,5.592542796955492e-19,0.0,60.417716349094,1.0817528280365645
328,198300.0,7.5323471958540615,4.129612276296943,2.1941259529451114,0.0568154901266098,0.08641916140913963,0.010588735342025757,14.25,0.0,0.0,3.6038427317493344e-20,0.011629987370888073,0.9883700126291152,3.6462485564078184e-20,0.0,116.23193901011504,1.022253175935781
329,198900.0,7.527341603707496,4.137671866884644,2.324523108144234,0.056524332612752914,0.11722882837057114,0.014372855424880981,14.5,0.0,0.0,5.935662260404159e-20,0.0164526176584309,0.9835473823415674,6.034953035274087e-20,0.0,84.44593090678823,1.0651130142976568
330,199500.0,7.5518373588744385,3.945688417591911,2.3881344750693847,0.056524332612752914,0.1202574297785759,0.014372855424880981,15.35,0.0,0.0,1.4151582622253665e-19,0.01792580544129087,0.9820741945587098,1.4409891534313453e-19,0.0,65.78370652442857,1.0979764716264422
331,200100.0,7.566904892949215,3.945943646915835,2.7261858334317366,0.05741079896688461,0.13756759464740753,0.013510748744010925,15.4,0.0,0.0,4.697186386510883e-19,0.052254515871759034,0.9477454841282407,4.956168576024937e-19,0.0,43.115761284277774,1.1419661561868526
332,200700.0,7.565336827897266,4.005868463567957,2.952528008333969,0.05356304720044136,0.10495315119624138,0.013317346572875977,15.5,0.0,0.0,6.777950050718099e-19,0.042930819437039455,0.9570691805629635,7.081985491084476e-19,0.0,58.039122904071974,1.0913197418116736
333,201300.0,7.568631041204956,4.078116215794453,2.635464170418766,0.05356304720044136,0.09113412350416183,0.008411914110183716,15.95,0.0,0.0,5.096582939991542e-19,0.025052738980569235,0.9749472610194332,5.227547318464364e-19,0.0,64.10972073382848,1.0520212662094566
334,201900.0,7.569697772673014,4.3588616747328714,2.210307592814977,0.05356304720044136,0.08688675984740257,0.0033099502325057983,16.2,0.0,0.0,4.1800977738418916e-19,0.01792163741252247,0.9820783625874773,4.256379055968967e-19,0.0,57.887428079028915,1.090039653638895
335,202500.0,7.571655570910006,4.1225341170023295,2.9178651953375496,0.05186520889401436,0.14974314346909523,0.006508618593215942,16.5,0.0,0.0,1.175265338714708e-18,0.05548376293976635,0.9445162370602325,1.2443040072782953e-18,0.0,33.589981813481906,1.2727101893618915
336,203100.0,7.57112458376575,3.6132153424002333,1.7410889124207245,0.04941659793257713,0.15916965901851654,0.004232063889503479,15.7,0.0,0.0,5.252589374813427e-18,0.09867462145717952,0.9013253785428214,5.827628401298869e-18,0.0,17.174086463255716,1.2833187753609854
337,203700.0,7.5663086441278535,3.3608267740435855,0.7821308070504892,0.050229474902153015,0.16011250019073486,0.0006247013807296753,15.45,0.05,0.0,8.821715594182989e-18,0.14543715540642138,0.8545628445930848,1.0323074130812791e-17,0.0,12.828436164802593,1.6445097224011231
338,204300.0,7.556285278710382,2.788294951511306,1.222463615379693,0.06150609627366066,0.13606467843055725,0.002982422709465027,14.35,0.05,0.0,1.0107529213004283e-17,0.2782849023100749,0.7217150976953901,1.4004874285249193e-17,0.0,12.973354647778415,1.3600475287915543
339,204900.0,7.547593052693143,3.354457840937893,1.4351049527771922,0.06150609627366066,0.1256081908941269,0.005088493227958679,13.4,0.0,0.0,3.884411807649662e-18,0.09697896997492723,0.9030210300250736,4.301574025953199e-18,0.0,27.180848765563965,1.1096626102333846
340,205500.0,7.5488721678542445,3.7828287649216246,1.591376613170659,0.061424750834703445,0.09340852499008179,0.01168571412563324,13.7,0.0,0.0,1.7917052742421474e-18,0.03262790259539608,0.9673720974046043,1.8521366070484386e-18,0.0,22.353152847769547,1.1355334680257105
341,206100.0,7.5530188610212585,3.4784301785524434,0.9420906833653779,0.061424750834703445,0.11008841171860695,0.0006593018770217896,13.55,0.0,0.0,8.75910832591045e-19,0.013211336387873324,0.9867886636121296,8.876377130072561e-19,0.0,39.60000427080026,1.055410618510584
342,206700.0,7.556770897032107,3.4961318194016515,1.7567171614501524,0.05225897207856178,0.11008841171860695,0.0063955336809158325,13.5,0.0,0.0,2.942741319932957e-19,0.08066099910154166,0.9193390008984574,3.200931666179565e-19,0.0,59.33985972785297,1.07304848773549
343,207300.0,7.531208313199364,3.8807791262649083,3.0500450022276895,0.06340347230434418,0.06284388899803162,0.0038564354181289673,14.3,0.0,0.0,8.68234350139366e-19,0.022644437173230218,0.9773555628267676,8.883505483176635e-19,0.0,39.8648818900997,1.0365748005464825
344,207900.0,7.5089982708193554,3.834195588698987,2.6117827647589014,0.07401350885629654,0.1052306517958641,0.003356263041496277,16.25,0.0,0.0,3.0945809123952925e-18,0.027878663049721294,0.9721213369502782,3.183327836523343e-18,0.0,28.34793222862954,1.1021223340153357
345,208500.0,7.505035049745938,4.066397931350723,0.8634144488456252,0.07401350885629654,0.09295237809419632,0.0018996894359588623,16.75,0.0,0.0,3.4031071101488455e-18,0.08766707619226771,0.9123329238077313,3.73011542315259e-18,0.0,25.047397028066815,1.092463431534965
346,209100.0,7.490497690558226,4.201654641567328,1.150510352005642,0.07401350885629654,0.09295237809419632,0.0023355484008789062,16.1,0.0,0.0,2.5527568185852907e-18,0.02482083096681432,0.975179169033181,2.6177310792164944e-18,0.0,25.607199746840916,1.0679024792854586
347,209700.0,7.5063010146662625,3.7968048605515325,0.4938288826367814,0.07546522468328476,0.13112472742795944,0.004091031849384308,15.1,0.0,0.0,2.392238584595749e-18,0.05949352633078874,0.9405064736692086,2.5435641875598557e-18,0.0,26.646195268469548,1.1732850520881908
348,210300.0,7.542689515362727,4.02924094408502,2.6329947106931955,0.05951470509171486,0.12661445885896683,0.011561468243598938,14.1,0.0,0.0,1.0900806367950695e-18,0.08343614383538529,0.9165638561646172,1.1893122660927828e-18,0.0,30.65664611377046,1.2045262368317857
349,210900.0,7.563822409047052,4.426158652052807,2.83162674221792,0.04871344938874245,0.06811877340078354,0.005618751049041748,14.3,0.0,0.0,4.930321259609917e-19,0.02182828047082074,0.9781717195291794,5.040343286532526e-19,0.0,57.84787900714874,1.1988970306404394
350,211500.0,7.541830378740361,4.712999098385749,3.4941509180145394,0.054369110614061356,0.06794490292668343,0.011914536356925964,14.3,0.0,0.0,1.6334747243511814e-19,0.01831672487901543,0.9816832751209844,1.6639528916780264e-19,0.0,118.09768464869683,1.0152219752756664
351,212100.0,7.5409010699546775,4.413495081276527,3.7434145283569635,0.054129473865032196,0.09498951956629753,0.007993049919605255,14.6,0.0,0.0,3.198107972785266e-20,0.010573984506817131,0.9894260154931824,3.232286116095226e-20,0.0,149.1442870614359,1.0023304564773328
352,212700.0,7.544911852619306,4.334648211768512,2.2866569794054605,0.054129473865032196,0.09498951956629753,0.004000835120677948,14.0,0.0,0.0,9.761023086286513e-20,0.00527575784812239,0.9947242421518787,9.812793005990041e-20,0.0,118.0366319976014,1.0466360081688082
353,213300.0,7.5554021777536455,3.8875234382110615,0.9946212832528974,0.05356304720044136,0.10681603476405144,0.0022118687629699707,12.55,0.0,0.0,2.24285526631722e-19,0.013147603934891835,0.9868523960651089,2.272736303076242e-19,0.0,117.67565628724769,1.008010320159898
354,213900.0,7.561612782698704,3.91355942198722,1.4394234375803971,0.04413615167140961,0.0876549668610096,0.00854542851448059,12.05,0.0,0.0,1.1064554304096002e-19,0.045355316510294744,0.9546446834897079,1.159023298976315e-19,0.0,98.79513184912969,1.030841279855381
355,214500.0,7.556153300395538,3.8032036821958055,2.4298710558833916,0.048476800322532654,0.07340103387832642,0.003237798810005188,13.0,0.0,0.0,7.320636633162132e-19,0.06801734171953673,0.9319826582804613,7.854906492209944e-19,0.0,40.410902664484276,1.066811908059586
356,215100.0,7.556859399509261,3.4933994187703816,2.4469565143108043,0.048476800322532654,0.13641361147165298,0.008219853043556213,14.7,0.05,0.0,2.4103512147959333e-18,0.06939240899703523,0.9306075910029651,2.590083337054644e-18,0.0,32.003748880955094,1.094026870733641
357,215700.0,7.559097501922042,3.0812580158216245,2.062046201503387,0.04973931983113289,0.15167450904846191,0.0038197189569473267,15.85,0.1,0.0,1.5548892493943025e-17,0.17068269986578546,0.8293173001328961,1.8749027050843634e-17,0.0,11.53769654223773,1.3015839805995577
